"StockID","Year","Spring","Fall_lag"
"Stock1",1976,0.1108,0.0062
"Stock1",1977,0.0951,0.0018
"Stock1",1978,0.3514,0.1224
"Stock1",1979,1.3336,0.0367
"Stock1",1980,0.2824,0.0081
"Stock1",1981,0.2822,0.032
"Stock1",1982,0.1941,9e-04
"Stock1",1983,0.0924,0.0024
"Stock1",1984,0.8043,0.0263
"Stock1",1985,0.2375,0.0109
"Stock1",1986,0.1461,0.0087
"Stock1",1987,0.3856,0.0044
"Stock1",1988,0.2079,0.0056
"Stock1",1989,0.1076,3e-04
"Stock1",1990,0.036,0.0022
"Stock1",1991,0.0969,0
"Stock1",1992,0.1739,0.0043
"Stock1",1993,0.1142,4e-04
"Stock1",1994,0.1432,0.0017
"Stock1",1995,0.0968,0.0066
"Stock1",1996,0.1026,0.0277
"Stock1",1997,0.0734,7e-04
"Stock1",1998,0.0715,0.0142
"Stock1",1999,0.13,8e-04
"Stock1",2000,0.1252,0.0018
"Stock1",2001,0.1688,0.012
"Stock1",2002,0.0375,0.0104
"Stock1",2003,0.0935,0.0729
"Stock1",2004,0.0958,0.0237
"Stock1",2005,0.0583,0.0178
"Stock1",2006,0.2086,0.0038
"Stock1",2007,0.1421,0.0165
"Stock1",2008,0.1072,0.0061
"Stock1",2009,1.1067,0.0186
"Stock1",2010,0.1375,0.0646
"Stock1",2011,0.112,0.0594
"Stock1",2012,0.1236,0.1088
"Stock1",2013,0.1687,0.0813
"Stock1",2014,0.3078,0.116
"Stock1",2015,0.2411,0.2726
"Stock1",2016,0.6323,0.0446
"Stock1",2017,0.4846,0.1348
"Stock1",2018,0.5675,0.1869
"Stock1",2019,0.3487,0.1325
"Stock2",1976,1.4167,0.1315
"Stock2",1977,1.0425,0.1627
"Stock2",1978,1.2122,0.1132
"Stock2",1979,1.8673,0.1104
"Stock2",1980,1.9745,0.11
"Stock2",1981,1.4581,0.4511
"Stock2",1982,0.9321,0.1207
"Stock2",1983,0.42,0.0948
"Stock2",1984,0.5776,0.0519
"Stock2",1985,0.5839,0.0457
"Stock2",1986,0.4475,0.2288
"Stock2",1987,0.94,0.1186
"Stock2",1988,0.6554,0.1238
"Stock2",1989,0.503,0.1471
"Stock2",1990,0.5267,0.1468
"Stock2",1991,1.1275,0.0868
"Stock2",1992,0.6222,0.0589
"Stock2",1993,0.4551,0.0845
"Stock2",1994,0.4786,0.0848
"Stock2",1995,0.7679,0.2829
"Stock2",1996,0.9932,0.4802
"Stock2",1997,1.1619,0.0465
"Stock2",1998,0.9399,0.0674
"Stock2",1999,1.093,0.295
"Stock2",2000,0.5702,0.0758
"Stock2",2001,1.0515,0.2993
"Stock2",2002,0.7412,0.1134
"Stock2",2003,0.8297,0.623
"Stock2",2004,0.6602,0.1481
"Stock2",2005,0.5816,0.2099
"Stock2",2006,0.7094,0.1795
"Stock2",2007,0.7393,0.4791
"Stock2",2008,0.7818,0.2246
"Stock2",2009,3.5505,0.3884
"Stock2",2010,2.191,0.7326
"Stock2",2011,1.9133,2.0077
"Stock2",2012,2.5283,1.8177
"Stock2",2013,1.9607,1.9432
"Stock2",2014,1.7803,1.7752
"Stock2",2015,2.437,3.0063
"Stock2",2016,1.8106,1.4464
"Stock2",2017,2.4198,0.7869
"Stock2",2018,1.9562,3.1727
"Stock2",2019,1.9976,1.6561
"Stock3",1964,NA,1.092
"Stock3",1965,NA,0.1232
"Stock3",1966,NA,0.595
"Stock3",1967,NA,1.3121
"Stock3",1968,3.3618,0.4192
"Stock3",1969,2.0375,0.1306
"Stock3",1970,0.654,0.0691
"Stock3",1971,0.2292,0.0473
"Stock3",1972,0.2551,0.3596
"Stock3",1973,1.4914,0.0647
"Stock3",1974,0.8329,0.007
"Stock3",1975,0.2027,0.0201
"Stock3",1976,0.2408,0.1262
"Stock3",1977,0.1817,0.0267
"Stock3",1978,0.3511,0.0104
"Stock3",1979,0.7951,0.1881
"Stock3",1980,1.0643,0.0051
"Stock3",1981,0.6752,0.0024
"Stock3",1982,0.0716,0.0029
"Stock3",1983,0.0549,0.0231
"Stock3",1984,0.1389,0.0376
"Stock3",1985,0.291,0.2634
"Stock3",1986,3.3973,0.4665
"Stock3",1987,1.0714,0.1936
"Stock3",1988,1.7475,1.7735
"Stock3",1989,2.4677,2.5386
"Stock3",1990,1.7706,5.2342
"Stock3",1991,4.5389,3.4039
"Stock3",1992,2.7973,6.1516
"Stock3",1993,7.6542,10.3995
"Stock3",1994,6.8979,5.2316
"Stock3",1995,3.0813,2.4213
"Stock3",1996,3.8939,14.7538
"Stock3",1997,4.2553,5.2205
"Stock3",1998,4.9068,5.4717
"Stock3",1999,9.7193,3.1974
"Stock3",2000,2.9165,2.0646
"Stock3",2001,3.3517,3.5732
"Stock3",2002,2.694,4.1467
"Stock3",2003,3.4646,12.075
"Stock3",2004,2.2238,7.0111
"Stock3",2005,1.487,5.6635
"Stock3",2006,2.8911,3.8563
"Stock3",2007,1.7208,3.9063
"Stock3",2008,2.0213,3.5554
"Stock3",2009,11.5386,3.4466
"Stock3",2010,10.265,9.2613
"Stock3",2011,21.469,4.3984
"Stock3",2012,9.1359,6.6395
"Stock3",2013,11.6715,7.4709
"Stock3",2014,12.1205,8.8289
"Stock3",2015,6.3654,12.4482
"Stock3",2016,10.8158,11.0355
"Stock3",2017,5.4933,44.7442
"Stock3",2018,3.0245,14.031
"Stock3",2019,2.8922,2.086
"Stock4",1964,NA,3.7875
"Stock4",1965,NA,1.8919
"Stock4",1966,NA,2.5243
"Stock4",1967,NA,3.3288
"Stock4",1968,1.0065,1.2379
"Stock4",1969,1.3414,2.0504
"Stock4",1970,2.0204,3.6933
"Stock4",1971,1.0479,2.3238
"Stock4",1972,4.6255,2.9021
"Stock4",1973,1.8853,1.3913
"Stock4",1974,1.4919,3.1939
"Stock4",1975,0.9417,2.0236
"Stock4",1976,2.5068,1.7078
"Stock4",1977,0.9322,3.2246
"Stock4",1978,0.5647,5.4286
"Stock4",1979,0.6705,4.7251
"Stock4",1980,1.4337,4.9051
"Stock4",1981,1.6691,4.0409
"Stock4",1982,2.9679,1.9836
"Stock4",1983,1.5297,0.9368
"Stock4",1984,1.5672,1.606
"Stock4",1985,2.1192,2.8241
"Stock4",1986,2.1276,1.4763
"Stock4",1987,1.7267,2.2337
"Stock4",1988,2.0299,0.8774
"Stock4",1989,1.6039,1.5256
"Stock4",1990,1.0137,1.3237
"Stock4",1991,1.6114,1.0089
"Stock4",1992,0.8857,1.2014
"Stock4",1993,1.1566,1.1179
"Stock4",1994,0.9794,1.1027
"Stock4",1995,1.8353,0.901
"Stock4",1996,0.9755,1.6011
"Stock4",1997,0.5458,1.0709
"Stock4",1998,0.4448,0.6677
"Stock4",1999,1.1501,0.9553
"Stock4",2000,1.3992,0.7783
"Stock4",2001,1.8514,2.413
"Stock4",2002,1.927,1.8404
"Stock4",2003,1.8735,1.8259
"Stock4",2004,2.2627,1.8074
"Stock4",2005,1.4723,0.6387
"Stock4",2006,0.9303,1.0065
"Stock4",2007,1.0467,1.0367
"Stock4",2008,1.2863,1.0788
"Stock4",2009,0.4716,0.9853
"Stock4",2010,0.6305,0.4398
"Stock4",2011,0.8925,0.6362
"Stock4",2012,0.6073,0.8796
"Stock4",2013,0.5826,0.8068
"Stock4",2014,0.6293,0.617
"Stock4",2015,0.7319,0.7574
"Stock4",2016,0.7442,1.1408
"Stock4",2017,1.1339,1.5022
"Stock4",2018,1.6495,1.7832
"Stock4",2019,1.3226,2.1575
"GBcod",1964,NA,17.7722
"GBcod",1965,NA,11.7665
"GBcod",1966,NA,11.8334
"GBcod",1967,NA,8.1302
"GBcod",1968,12.6747,13.62
"GBcod",1969,17.78,8.5258
"GBcod",1970,15.7824,7.9952
"GBcod",1971,14.256,12.579
"GBcod",1972,19.3049,9.8397
"GBcod",1973,94.0688,22.9815
"GBcod",1974,36.3834,30.8396
"GBcod",1975,26.0691,8.2257
"GBcod",1976,18.6387,14.0577
"GBcod",1977,15.4411,17.6629
"GBcod",1978,31.2433,12.5237
"GBcod",1979,16.1988,23.2877
"GBcod",1980,24.1331,16.5066
"GBcod",1981,26.0813,6.7314
"GBcod",1982,101.9054,20.2502
"GBcod",1983,23.4843,6.0757
"GBcod",1984,15.2568,7.3941
"GBcod",1985,21.6948,10.0076
"GBcod",1986,16.6843,3.1104
"GBcod",1987,9.9318,3.7142
"GBcod",1988,13.4704,4.4226
"GBcod",1989,10.9433,5.6003
"GBcod",1990,11.7437,4.7112
"GBcod",1991,8.9346,11.5325
"GBcod",1992,7.4413,1.423
"GBcod",1993,6.9635,2.9538
"GBcod",1994,1.2094,2.1739
"GBcod",1995,8.3729,3.2573
"GBcod",1996,7.5029,5.6264
"GBcod",1997,5.214,2.7102
"GBcod",1998,11.6512,1.8938
"GBcod",1999,4.6681,2.8191
"GBcod",2000,8.2217,3.0101
"GBcod",2001,5.4726,1.3518
"GBcod",2002,5.0412,2.0932
"GBcod",2003,4.1946,11.2714
"GBcod",2004,14.3256,2.0933
"GBcod",2005,4.5417,5.8907
"GBcod",2006,6.0647,1.5714
"GBcod",2007,5.0645,2.645
"GBcod",2008,4.3134,1.1091
"GBcod",2009,3.4865,2.8832
"GBcod",2010,3.7766,4.2201
"GBcod",2011,1.8524,2.4793
"GBcod",2012,3.481,3.0287
"GBcod",2013,5.7188,1.6114
"GBcod",2014,3.5198,1.9927
"GBcod",2015,1.4667,1.3563
"GBcod",2016,4.1573,3.5032
"GBcod",2017,12.7598,3.5893
"GBcod",2018,2.9428,1.2244
"GBcod",2019,6.2513,1.6916
"Stock5",1964,NA,17.9498
"Stock5",1965,NA,22.7987
"Stock5",1966,NA,12.0891
"Stock5",1967,NA,12.8383
"Stock5",1968,17.4801,9.3128
"Stock5",1969,13.0995,19.4373
"Stock5",1970,11.0886,15.1542
"Stock5",1971,6.9963,16.4416
"Stock5",1972,8.0289,16.5275
"Stock5",1973,18.8072,12.9875
"Stock5",1974,7.4181,8.7583
"Stock5",1975,6.0391,8.9593
"Stock5",1976,7.5555,8.6186
"Stock5",1977,8.5411,6.7403
"Stock5",1978,7.6969,10.1992
"Stock5",1979,7.5547,12.8988
"Stock5",1980,6.2316,13.9273
"Stock5",1981,10.6504,14.2023
"Stock5",1982,8.616,7.5331
"Stock5",1983,10.9616,15.9191
"Stock5",1984,6.1431,8.4157
"Stock5",1985,7.6454,8.7351
"Stock5",1986,3.4759,8.2643
"Stock5",1987,1.9758,4.7145
"Stock5",1988,3.6032,3.3937
"Stock5",1989,2.4239,6.6155
"Stock5",1990,3.0765,4.5352
"Stock5",1991,2.8907,4.9118
"Stock5",1992,8.626,2.7815
"Stock5",1993,5.8748,2.448
"Stock5",1994,2.427,1.0023
"Stock5",1995,2.4315,2.7366
"Stock5",1996,5.4273,3.665
"Stock5",1997,5.6155,2.3512
"Stock5",1998,4.1799,1.8716
"Stock5",1999,5.0889,1.5001
"Stock5",2000,3.2111,3.5053
"Stock5",2001,6.2154,4.6521
"Stock5",2002,10.9343,7.3235
"Stock5",2003,9.4945,24.6586
"Stock5",2004,2.4116,5.9879
"Stock5",2005,2.7005,4.9055
"Stock5",2006,2.7023,2.8966
"Stock5",2007,15.8114,4.2294
"Stock5",2008,10.8234,2.7141
"Stock5",2009,3.2344,5.3065
"Stock5",2010,5.6997,5.7759
"Stock5",2011,2.1329,1.9852
"Stock5",2012,1.93,2.6669
"Stock5",2013,1.6778,1.024
"Stock5",2014,1.3226,1.0684
"Stock5",2015,8.0173,2.6616
"Stock5",2016,3.3641,1.2823
"Stock5",2017,3.7395,4.3888
"Stock5",2018,1.6817,3.2617
"Stock5",2019,0.5655,1.3987
"Stock6",1964,NA,5.7199
"Stock6",1965,NA,5.2632
"Stock6",1966,NA,2.6794
"Stock6",1967,NA,2.7417
"Stock6",1968,4.7432,2.0594
"Stock6",1969,2.4569,3.4054
"Stock6",1970,4.9374,7.6386
"Stock6",1971,3.1454,2.1522
"Stock6",1972,4.7946,3.9742
"Stock6",1973,4.9693,4.9466
"Stock6",1974,3.8368,3.9059
"Stock6",1975,5.3318,3.4889
"Stock6",1976,7.6717,2.1102
"Stock6",1977,3.1725,19.2565
"Stock6",1978,4.9087,9.512
"Stock6",1979,4.1141,6.1976
"Stock6",1980,3.9127,4.8278
"Stock6",1981,5.6958,2.8443
"Stock6",1982,6.4527,2.8419
"Stock6",1983,1.5743,2.1294
"Stock6",1984,3.0369,3.1995
"Stock6",1985,29.8801,0.3524
"Stock6",1986,8.3659,2.1259
"Stock6",1987,2.5905,1.0007
"Stock6",1988,1.9278,1.6488
"Stock6",1989,5.4357,13.8629
"Stock6",1990,1.8306,1.1409
"Stock6",1991,4.1707,2.046
"Stock6",1992,3.3434,1.0493
"Stock6",1993,1.5349,1.1684
"Stock6",1994,1.137,0.8241
"Stock6",1995,3.822,0.5735
"Stock6",1996,1.1053,1.0505
"Stock6",1997,4.8812,1.1244
"Stock6",1998,2.8451,1.4916
"Stock6",1999,0.9731,1.2006
"Stock6",2000,1.4426,3.2042
"Stock6",2001,2.1515,1.4115
"Stock6",2002,1.6386,3.2394
"Stock6",2003,0.8555,6.3706
"Stock6",2004,0.6905,8.6273
"Stock6",2005,6.0496,4.1533
"Stock6",2006,2.7805,7.8751
"Stock6",2007,5.1097,1.8927
"Stock6",2008,6.3564,0.8497
"Stock6",2009,1.8241,2.2643
"Stock6",2010,1.393,0.1885
"Stock6",2011,5.2062,3.2558
"Stock6",2012,1.7515,2.9406
"Stock6",2013,1.584,1.6286
"Stock6",2014,1.6884,0.67
"Stock6",2015,7.4057,7.2136
"Stock6",2016,3.8805,2.2734
"Stock6",2017,3.7671,1.3001
"Stock6",2018,14.5642,0.942
"Stock6",2019,1.5012,0.7228
"Stock7",1964,NA,4.847
"Stock7",1965,NA,1.3521
"Stock7",1966,NA,1.2165
"Stock7",1967,NA,0.9247
"Stock7",1968,1.1379,0.4885
"Stock7",1969,0.6394,0.2564
"Stock7",1970,0.5408,0.6699
"Stock7",1971,0.6481,0.6002
"Stock7",1972,1.5604,1.3324
"Stock7",1973,4.3114,2.3359
"Stock7",1974,2.431,1.5621
"Stock7",1975,4.2535,0.6752
"Stock7",1976,3.3711,1.7626
"Stock7",1977,2.6558,1.6973
"Stock7",1978,2.5708,3.4858
"Stock7",1979,2.0407,3.0579
"Stock7",1980,3.8829,1.823
"Stock7",1981,6.3529,3.7584
"Stock7",1982,2.127,2.8074
"Stock7",1983,3.6984,1.6708
"Stock7",1984,2.9821,4.1147
"Stock7",1985,3.9131,3.5417
"Stock7",1986,3.2595,4.7342
"Stock7",1987,2.941,2.8403
"Stock7",1988,1.9962,2.252
"Stock7",1989,1.6514,2.544
"Stock7",1990,1.3311,4.6713
"Stock7",1991,1.6212,3.3202
"Stock7",1992,2.5011,2.5577
"Stock7",1993,2.8238,2.2892
"Stock7",1994,1.5904,1.9908
"Stock7",1995,1.973,3.6938
"Stock7",1996,1.7921,3.2759
"Stock7",1997,1.8109,2.5334
"Stock7",1998,2.5188,2.9171
"Stock7",1999,2.3223,4.8422
"Stock7",2000,3.1864,3.3214
"Stock7",2001,3.5793,5.6631
"Stock7",2002,4.4596,4.8851
"Stock7",2003,0.996,5.3738
"Stock7",2004,1.7719,3.5487
"Stock7",2005,1.1157,1.5554
"Stock7",2006,0.9123,1.1846
"Stock7",2007,2.0562,2.1867
"Stock7",2008,3.4884,2.4227
"Stock7",2009,1.7765,1.9102
"Stock7",2010,2.7884,2.4876
"Stock7",2011,2.1809,2.2371
"Stock7",2012,1.7273,2.8693
"Stock7",2013,1.3514,2.4444
"Stock7",2014,3.0214,3.3897
"Stock7",2015,6.2656,5.5585
"Stock7",2016,4.4592,6.8353
"Stock7",2017,4.6641,5.4648
"Stock7",2018,5.2483,5.8915
"Stock7",2019,2.9888,5.7282
"Stock8",1964,NA,10.6181
"Stock8",1965,NA,4.6626
"Stock8",1966,NA,5.6436
"Stock8",1967,NA,3.129
"Stock8",1968,1.2853,1.6919
"Stock8",1969,1.0822,3.0737
"Stock8",1970,1.7231,3.5524
"Stock8",1971,3.4884,2.2567
"Stock8",1972,3.5898,2.5681
"Stock8",1973,3.9924,3.8477
"Stock8",1974,2.8377,2.3515
"Stock8",1975,3.159,0.9129
"Stock8",1976,5.3138,4.8839
"Stock8",1977,2.3004,3.3367
"Stock8",1978,7.6476,2.5129
"Stock8",1979,1.5137,1.8786
"Stock8",1980,2.3797,2.38
"Stock8",1981,4.6125,3.1342
"Stock8",1982,3.3421,2.3185
"Stock8",1983,2.2068,3.0953
"Stock8",1984,1.3308,6.0413
"Stock8",1985,1.3923,1.1822
"Stock8",1986,1.7339,2.0238
"Stock8",1987,0.8775,0.958
"Stock8",1988,1.0059,0.7596
"Stock8",1989,0.4873,0.7701
"Stock8",1990,0.7069,1.1806
"Stock8",1991,0.6108,1.2169
"Stock8",1992,0.4648,1.6082
"Stock8",1993,0.4235,0.6295
"Stock8",1994,0.6747,0.9034
"Stock8",1995,0.5156,0.8029
"Stock8",1996,0.4529,0.4645
"Stock8",1997,1.1609,0.3944
"Stock8",1998,0.2136,0.5983
"Stock8",1999,0.4568,0.5001
"Stock8",2000,0.4229,0.5398
"Stock8",2001,0.6419,0.4763
"Stock8",2002,0.542,0.5514
"Stock8",2003,0.2056,0.6013
"Stock8",2004,0.1544,0.5546
"Stock8",2005,0.3761,0.4007
"Stock8",2006,0.38,0.634
"Stock8",2007,0.8574,0.818
"Stock8",2008,0.4734,0.5503
"Stock8",2009,1.4357,0.7275
"Stock8",2010,0.9392,1.0622
"Stock8",2011,1.7927,1.3923
"Stock8",2012,1.0641,0.8066
"Stock8",2013,0.6398,0.8118
"Stock8",2014,0.7334,0.7239
"Stock8",2015,0.58,0.8088
"Stock8",2016,0.3143,0.5707
"Stock8",2017,0.2519,0.8682
"Stock8",2018,0.2508,1.3279
"Stock8",2019,0.6457,0.9108
"Stock9",1964,NA,7.5231
"Stock9",1965,NA,4.2887
"Stock9",1966,NA,6.6094
"Stock9",1967,NA,8.4046
"Stock9",1968,1.9369,4.1776
"Stock9",1969,5.8481,4.8858
"Stock9",1970,13.8131,13.4037
"Stock9",1971,5.9295,14.1737
"Stock9",1972,14.5828,13.4676
"Stock9",1973,14.0158,14.5563
"Stock9",1974,16.0675,14.8002
"Stock9",1975,11.5912,12.1212
"Stock9",1976,19.6163,7.8258
"Stock9",1977,12.0084,11.6954
"Stock9",1978,6.2539,13.8715
"Stock9",1979,5.6927,13.323
"Stock9",1980,15.607,10.5683
"Stock9",1981,21.6123,18.4103
"Stock9",1982,10.0311,11.87
"Stock9",1983,3.2319,1.9539
"Stock9",1984,4.6045,11.513
"Stock9",1985,6.0557,8.1518
"Stock9",1986,6.0825,9.7947
"Stock9",1987,7.0786,11.45
"Stock9",1988,4.1031,9.8009
"Stock9",1989,3.4401,10.4304
"Stock9",1990,20.8046,9.2547
"Stock9",1991,6.8128,10.8946
"Stock9",1992,7.4849,12.5406
"Stock9",1993,7.5842,11.8434
"Stock9",1994,3.4146,12.0393
"Stock9",1995,4.2831,5.9242
"Stock9",1996,3.4256,8.439
"Stock9",1997,0.8927,6.6512
"Stock9",1998,1.1684,4.8957
"Stock9",1999,3.0953,4.7371
"Stock9",2000,3.6916,3.6479
"Stock9",2001,5.2098,6.7998
"Stock9",2002,6.6048,7.8517
"Stock9",2003,6.2026,6.72
"Stock9",2004,5.477,4.5312
"Stock9",2005,5.7631,3.6945
"Stock9",2006,1.5858,3.8366
"Stock9",2007,3.0988,4.2719
"Stock9",2008,4.2463,7.2218
"Stock9",2009,4.7668,7.0556
"Stock9",2010,5.6519,4.7597
"Stock9",2011,5.5208,7.8535
"Stock9",2012,4.2091,9.0204
"Stock9",2013,2.2865,7.7261
"Stock9",2014,3.5955,2.814
"Stock9",2015,2.4596,4.2194
"Stock9",2016,2.7593,3.8847
"Stock9",2017,4.6382,5.0001
"Stock9",2018,4.2055,5.9203
"Stock9",2019,5.7096,4.3689
"Stock10",1964,NA,79.7891
"Stock10",1965,NA,96.6075
"Stock10",1966,NA,72.8144
"Stock10",1967,NA,30.4247
"Stock10",1968,20.5838,24.9296
"Stock10",1969,16.9306,16.793
"Stock10",1970,17.1274,8.5468
"Stock10",1971,5.0312,13.2252
"Stock10",1972,7.5031,5.588
"Stock10",1973,15.648,8.4771
"Stock10",1974,17.7071,9.7866
"Stock10",1975,8.2117,3.9973
"Stock10",1976,15.7166,15.1057
"Stock10",1977,26.5751,35.7612
"Stock10",1978,31.2728,27.5975
"Stock10",1979,20.3494,18.109
"Stock10",1980,53.8303,32.0568
"Stock10",1981,38.1074,22.0378
"Stock10",1982,13.1402,14.2643
"Stock10",1983,13.2132,7.3053
"Stock10",1984,7.4452,5.7506
"Stock10",1985,11.1427,4.4764
"Stock10",1986,5.9002,3.6539
"Stock10",1987,5.5953,5.0151
"Stock10",1988,3.4306,2.559
"Stock10",1989,4.6967,5.3104
"Stock10",1990,7.5717,4.4526
"Stock10",1991,4.3885,2.6237
"Stock10",1992,1.4082,0.9402
"Stock10",1993,2.4803,3.169
"Stock10",1994,3.6375,4.33
"Stock10",1995,5.7232,2.9311
"Stock10",1996,25.727,10.6589
"Stock10",1997,18.5044,4.1127
"Stock10",1998,6.1159,6.5131
"Stock10",1999,8.3178,5.7524
"Stock10",2000,17.8811,33.0859
"Stock10",2001,6.1097,15.4046
"Stock10",2002,22.3317,20.0012
"Stock10",2003,15.6098,36.299
"Stock10",2004,41.3542,23.038
"Stock10",2005,17.7312,55.7989
"Stock10",2006,17.3402,39.4064
"Stock10",2007,34.5917,37.3695
"Stock10",2008,23.7639,43.9263
"Stock10",2009,29.0751,17.9501
"Stock10",2010,43.1156,35.4823
"Stock10",2011,20.9081,18.334
"Stock10",2012,46.6889,36.4536
"Stock10",2013,47.6011,35.0043
"Stock10",2014,209.9937,95.1539
"Stock10",2015,185.8773,98.0216
"Stock10",2016,114.8858,137.8997
"Stock10",2017,111.86,152.2031
"Stock10",2018,84.9151,91.3951
"Stock10",2019,57.6174,33.9739
"Stock11",1964,NA,50.697
"Stock11",1965,NA,18.3864
"Stock11",1966,NA,17.7869
"Stock11",1967,NA,13.103
"Stock11",1968,8.1066,16.8709
"Stock11",1969,6.6067,17.3067
"Stock11",1970,1.784,12.7211
"Stock11",1971,2.5234,7.3541
"Stock11",1972,0.8671,8.1588
"Stock11",1973,1.5975,3.036
"Stock11",1974,1.0588,8.5831
"Stock11",1975,3.4819,3.3472
"Stock11",1976,6.3504,8.6162
"Stock11",1977,6.7253,8.04
"Stock11",1978,1.4342,8.7519
"Stock11",1979,3.8778,21.6584
"Stock11",1980,2.6725,15.5669
"Stock11",1981,3.5451,9.8346
"Stock11",1982,2.5547,10.8744
"Stock11",1983,3.5672,4.164
"Stock11",1984,1.1442,5.2193
"Stock11",1985,1.8816,3.8933
"Stock11",1986,1.2844,6.149
"Stock11",1987,0.0625,1.3924
"Stock11",1988,0.301,2.6454
"Stock11",1989,0.1245,1.4759
"Stock11",1990,0,0.6305
"Stock11",1991,0.0657,0.4322
"Stock11",1992,0.2712,0.1196
"Stock11",1993,0.1997,0.0913
"Stock11",1994,0.253,0.4724
"Stock11",1995,0.3498,0.2174
"Stock11",1996,0.3384,1.0988
"Stock11",1997,1.2224,3.5428
"Stock11",1998,0.1122,2.424
"Stock11",1999,1.1075,2.9174
"Stock11",2000,1.815,4.9099
"Stock11",2001,3.2045,14.0316
"Stock11",2002,2.7932,11.9806
"Stock11",2003,3.9078,4.8352
"Stock11",2004,1.1985,5.3593
"Stock11",2005,0.9709,7.1708
"Stock11",2006,2.6614,3.9318
"Stock11",2007,0.675,3.9453
"Stock11",2008,1.3938,4.3934
"Stock11",2009,2.5731,3.1465
"Stock11",2010,3.7134,1.2029
"Stock11",2011,1.2589,1.3393
"Stock11",2012,2.9257,4.1445
"Stock11",2013,6.2214,2.8798
"Stock11",2014,8.6456,12.5707
"Stock11",2015,90.3424,37.6512
"Stock11",2016,55.0424,35.6591
"Stock11",2017,47.3023,54.2215
"Stock11",2018,49.6197,41.8084
"Stock11",2019,26.9451,42.6764
"Stock12",1964,NA,50.697
"Stock12",1965,NA,18.3864
"Stock12",1966,NA,17.7869
"Stock12",1967,NA,13.103
"Stock12",1968,8.1066,16.8709
"Stock12",1969,6.6067,17.3067
"Stock12",1970,1.784,12.7211
"Stock12",1971,2.5234,7.3541
"Stock12",1972,0.8671,8.1588
"Stock12",1973,1.5975,3.036
"Stock12",1974,1.0588,8.5831
"Stock12",1975,3.4819,3.3472
"Stock12",1976,6.3504,8.6162
"Stock12",1977,6.7253,8.04
"Stock12",1978,1.4342,8.7519
"Stock12",1979,3.8778,21.6584
"Stock12",1980,2.6725,15.5669
"Stock12",1981,3.5451,9.8346
"Stock12",1982,2.5547,10.8744
"Stock12",1983,3.5672,4.164
"Stock12",1984,1.1442,5.2193
"Stock12",1985,1.8816,3.8933
"Stock12",1986,1.2844,6.149
"Stock12",1987,0.0625,1.3924
"Stock12",1988,0.301,2.6454
"Stock12",1989,0.1245,1.4759
"Stock12",1990,0,0.6305
"Stock12",1991,0.0657,0.4322
"Stock12",1992,0.2712,0.1196
"Stock12",1993,0.1997,0.0913
"Stock12",1994,0.253,0.4724
"Stock12",1995,0.3498,0.2174
"Stock12",1996,0.3384,1.0988
"Stock12",1997,1.2224,3.5428
"Stock12",1998,0.1122,2.424
"Stock12",1999,1.1075,2.9174
"Stock12",2000,1.815,4.9099
"Stock12",2001,3.2045,14.0316
"Stock12",2002,2.7932,11.9806
"Stock12",2003,3.9078,4.8352
"Stock12",2004,1.1985,5.3593
"Stock12",2005,0.9709,7.1708
"Stock12",2006,2.6614,3.9318
"Stock12",2007,0.675,3.9453
"Stock12",2008,1.3938,4.3934
"Stock12",2009,2.5731,3.1465
"Stock12",2010,3.7134,1.2029
"Stock12",2011,1.2589,1.3393
"Stock12",2012,2.9257,4.1445
"Stock12",2013,6.2214,2.8798
"Stock12",2014,8.6456,12.5707
"Stock12",2015,90.3424,37.6512
"Stock12",2016,55.0424,35.6591
"Stock12",2017,47.3023,54.2215
"Stock12",2018,49.6197,41.8084
"Stock12",2019,26.9451,42.6764
"Stock13",1964,NA,23.0997
"Stock13",1965,NA,4.3435
"Stock13",1966,NA,7.0583
"Stock13",1967,NA,4.1855
"Stock13",1968,0.068,2.2676
"Stock13",1969,0.2343,2.2774
"Stock13",1970,5.8515,2.4069
"Stock13",1971,0.455,3.0264
"Stock13",1972,1.6858,2.6698
"Stock13",1973,2.692,5.7849
"Stock13",1974,2.7054,4.1208
"Stock13",1975,8.8054,3.4462
"Stock13",1976,8.3896,8.0902
"Stock13",1977,3.6435,11.2488
"Stock13",1978,0.804,6.7208
"Stock13",1979,1.7258,6.3216
"Stock13",1980,4.0026,6.1792
"Stock13",1981,2.1529,7.2251
"Stock13",1982,1.424,4.5175
"Stock13",1983,1.5294,6.2821
"Stock13",1984,1.1079,8.7556
"Stock13",1985,2.3386,3.3578
"Stock13",1986,2.9538,8.2803
"Stock13",1987,3.6949,13.0392
"Stock13",1988,1.2343,9.7899
"Stock13",1989,3.4363,6.0468
"Stock13",1990,1.5714,10.5331
"Stock13",1991,1.3319,15.6073
"Stock13",1992,5.4392,10.5217
"Stock13",1993,2.5764,10.2462
"Stock13",1994,5.2592,7.501
"Stock13",1995,3.2703,6.8436
"Stock13",1996,3.0076,12.8947
"Stock13",1997,1.2069,7.5667
"Stock13",1998,3.9055,5.6586
"Stock13",1999,4.0896,18.9091
"Stock13",2000,9.6995,11.1474
"Stock13",2001,10.4256,13.507
"Stock13",2002,3.4847,8.3277
"Stock13",2003,3.5033,7.9879
"Stock13",2004,3.057,8.2926
"Stock13",2005,1.1383,3.2778
"Stock13",2006,0.4276,1.7159
"Stock13",2007,2.2039,3.6933
"Stock13",2008,2.9394,6.4426
"Stock13",2009,2.6711,5.2737
"Stock13",2010,4.4386,6.9349
"Stock13",2011,6.5659,14.1662
"Stock13",2012,5.9637,9.975
"Stock13",2013,9.3877,20.4325
"Stock13",2014,11.5139,16.7467
"Stock13",2015,12.6236,18.7679
"Stock13",2016,9.1944,19.4895
"Stock13",2017,14.2149,21.5068
"Stock13",2018,11.9148,15.7612
"Stock13",2019,8.8932,13.2514
"Stock14",1964,NA,4.6613
"Stock14",1965,NA,4.0632
"Stock14",1966,NA,5.2753
"Stock14",1967,NA,2.6358
"Stock14",1968,3.6949,2.4357
"Stock14",1969,2.1124,2.7273
"Stock14",1970,1.2695,1.2578
"Stock14",1971,2.2946,1.3483
"Stock14",1972,1.3854,2.2147
"Stock14",1973,4.6182,2.1309
"Stock14",1974,3.5669,1.6983
"Stock14",1975,5.8475,0.8496
"Stock14",1976,4.4737,1.7858
"Stock14",1977,4.2394,1.9935
"Stock14",1978,5.3889,1.6752
"Stock14",1979,2.1554,2.4986
"Stock14",1980,2.7537,1.6851
"Stock14",1981,3.4695,1.6293
"Stock14",1982,1.9842,1.1235
"Stock14",1983,1.2954,1.5641
"Stock14",1984,2.2832,2.5705
"Stock14",1985,2.6581,1.3959
"Stock14",1986,2.7351,3.5619
"Stock14",1987,3.5212,1.4461
"Stock14",1988,1.6854,1.9522
"Stock14",1989,2.2194,1.783
"Stock14",1990,2.939,1.8658
"Stock14",1991,1.4363,1.5158
"Stock14",1992,0.5666,0.848
"Stock14",1993,1.5665,0.9941
"Stock14",1994,1.848,1.2753
"Stock14",1995,1.0105,0.7941
"Stock14",1996,6.2078,1.5919
"Stock14",1997,0.6519,0.447
"Stock14",1998,0.6973,0.832
"Stock14",1999,1.5179,0.5711
"Stock14",2000,1.0399,0.8202
"Stock14",2001,1.1599,0.7233
"Stock14",2002,0.9286,2.0399
"Stock14",2003,0.3415,1.1757
"Stock14",2004,0.4673,1.4231
"Stock14",2005,0.8788,1.2391
"Stock14",2006,0.4947,0.9408
"Stock14",2007,0.8332,1.4155
"Stock14",2008,1.2639,0.8743
"Stock14",2009,1.8647,1.3632
"Stock14",2010,1.1285,1.1145
"Stock14",2011,2.162,2.8249
"Stock14",2012,2.3479,1.7706
"Stock14",2013,1.5871,1.9822
"Stock14",2014,1.582,1.3339
"Stock14",2015,1.3546,1.4359
"Stock14",2016,0.7488,0.4192
"Stock14",2017,0.587,1.3004
"Stock14",2018,0.6079,1.1382
"Stock14",2019,0.9851,1.7796
"Stock15",1968,0.0622,0.1047
"Stock15",1969,0.1149,0.1937
"Stock15",1970,0.2783,0.1351
"Stock15",1971,0.1547,0.1094
"Stock15",1972,0.4534,0.0609
"Stock15",1973,0.8122,0.6893
"Stock15",1974,1.06,0.1023
"Stock15",1975,0.6436,0.2175
"Stock15",1976,0.9442,0.2687
"Stock15",1977,0.7091,0.6089
"Stock15",1978,1.3812,0.3528
"Stock15",1979,1.7292,0.5393
"Stock15",1980,4.6097,0.2296
"Stock15",1981,0.8529,0.3259
"Stock15",1982,0.5548,1.4107
"Stock15",1983,0.3322,0.0413
"Stock15",1984,0.139,0.1355
"Stock15",1985,0.5062,0.1071
"Stock15",1986,0.4486,0.4816
"Stock15",1987,0.531,0.2555
"Stock15",1988,0.1379,0.1898
"Stock15",1989,0.282,0.1243
"Stock15",1990,0.2122,0.2017
"Stock15",1991,0.6002,0.3911
"Stock15",1992,0.2373,0.1363
"Stock15",1993,0.0781,0.1508
"Stock15",1994,0.0311,0.1061
"Stock15",1995,0.0335,0.0133
"Stock15",1996,0.0546,0.1421
"Stock15",1997,0.0626,0.1084
"Stock15",1998,0.061,0.11
"Stock15",1999,0.0339,0.0881
"Stock15",2000,0.1254,0.0253
"Stock15",2001,0.1418,0.0439
"Stock15",2002,0.3407,0.4799
"Stock15",2003,0.2361,0.202
"Stock15",2004,0.1377,0.5402
"Stock15",2005,0.0524,0.0598
"Stock15",2006,0.0244,0.032
"Stock15",2007,0.2123,0.1426
"Stock15",2008,0.0731,0.299
"Stock15",2009,0.07,0.1074
"Stock15",2010,0.0653,0.134
"Stock15",2011,0.1562,0.1239
"Stock15",2012,0.0696,0.0827
"Stock15",2013,0.0278,0.0746
"Stock15",2014,0.0555,0.0615
"Stock15",2015,0.0508,0.0642
"Stock15",2016,0.0918,0.0445
"Stock15",2017,0.0503,0.0609
"Stock15",2018,0.049,0.043
"Stock15",2019,0.0564,0.1012
"Stock16",1964,NA,24.1152
"Stock16",1965,NA,53.6446
"Stock16",1966,NA,13.2062
"Stock16",1967,NA,29.2736
"Stock16",1968,17.094,24.3737
"Stock16",1969,19.6977,40.4418
"Stock16",1970,18.9455,23.7589
"Stock16",1971,71.5672,32.9674
"Stock16",1972,44.3737,23.422
"Stock16",1973,25.3065,24.6372
"Stock16",1974,18.843,17.0472
"Stock16",1975,17.6207,24.1602
"Stock16",1976,26.1939,39.9541
"Stock16",1977,11.5896,15.2905
"Stock16",1978,12.1666,17.251
"Stock16",1979,32.2585,20.7368
"Stock16",1980,20.3439,15.9779
"Stock16",1981,18.3074,12.6307
"Stock16",1982,9.4073,12.2353
"Stock16",1983,6.0685,3.4761
"Stock16",1984,2.6803,4.1273
"Stock16",1985,6.6059,3.9359
"Stock16",1986,3.2171,5.691
"Stock16",1987,12.9265,8.0123
"Stock16",1988,3.2667,5.4577
"Stock16",1989,2.9825,6.3284
"Stock16",1990,6.8144,6.8158
"Stock16",1991,4.2623,12.1559
"Stock16",1992,10.6713,8.3618
"Stock16",1993,17.5009,8.0939
"Stock16",1994,3.9207,11.1987
"Stock16",1995,1.9178,5.9397
"Stock16",1996,11.8885,4.6541
"Stock16",1997,34.0375,30.6328
"Stock16",1998,7.8388,18.9423
"Stock16",1999,19.0188,31.7202
"Stock16",2000,56.0086,22.8641
"Stock16",2001,37.9675,26.1614
"Stock16",2002,61.2065,28.17
"Stock16",2003,33.3354,41.8775
"Stock16",2004,55.6702,65.4929
"Stock16",2005,46.2613,36.6285
"Stock16",2006,10.3311,46.954
"Stock16",2007,35.0957,50.2241
"Stock16",2008,46.0144,50.3911
"Stock16",2009,17.4825,62.2791
"Stock16",2010,29.4131,40.7205
"Stock16",2011,41.8112,83.4652
"Stock16",2012,33.7271,59.9973
"Stock16",2013,31.4935,68.3926
"Stock16",2014,48.0324,30.4707
"Stock16",2015,25.5879,39.2361
"Stock16",2016,57.6822,46.2032
"Stock16",2017,31.2483,45.2236
"Stock16",2018,9.9486,26.2042
"Stock16",2019,14.4208,64.7119
"Stock17",1971,0.2141,0
"Stock17",1972,0.0242,0.0356
"Stock17",1973,0.0266,0
"Stock17",1974,0.0195,0.0037
"Stock17",1975,0.0145,0
"Stock17",1976,0.0059,0.0019
"Stock17",1977,0.2107,0.0083
"Stock17",1978,0.0691,0.0111
"Stock17",1979,0,0.0036
"Stock17",1980,0.0559,0.0655
"Stock17",1981,0.019,8e-04
"Stock17",1982,0,0.0045
"Stock17",1983,0,0
"Stock17",1984,0,0
"Stock17",1985,0.0022,8e-04
"Stock17",1986,0.0325,0.0103
"Stock17",1987,0.0105,3e-04
"Stock17",1988,0.0028,0
"Stock17",1989,0.0039,0
"Stock17",1990,0,0
"Stock17",1991,0.0015,0
"Stock17",1992,0,0.0049
"Stock17",1993,0.0681,0
"Stock17",1994,0,0
"Stock17",1995,0.0095,0
"Stock17",1996,0.0034,0
"Stock17",1997,0,0
"Stock17",1998,0,0
"Stock17",1999,0,0
"Stock17",2000,0.0102,0
"Stock17",2001,0.0189,0
"Stock17",2002,0.0086,0.0017
"Stock17",2003,0.0242,0.0083
"Stock17",2004,0.0112,0
"Stock17",2005,0,0
"Stock17",2006,0,0
"Stock17",2007,0,0
"Stock17",2008,0,0.0014
"Stock17",2009,0.0027,0.0024
"Stock17",2010,0.0137,0.0038
"Stock17",2011,0,0.0027
"Stock17",2012,0.0016,0.0028
"Stock17",2013,0.0057,0.0018
"Stock17",2014,0.0031,4e-04
"Stock17",2015,0.0014,0
"Stock17",2016,0,0.0045
"Stock17",2017,0.0148,0.0166
"Stock17",2018,0.0087,0
"Stock17",2019,0.0058,0.0057
"Stock17",1970,0.0157,NA
"Stock18",1964,NA,0.004
"Stock18",1965,NA,0.1857
"Stock18",1966,NA,0.2968
"Stock18",1967,NA,0.1692
"Stock18",1968,0.3799,0.2325
"Stock18",1969,1.1104,0.4071
"Stock18",1970,1.1237,0.0338
"Stock18",1971,0.6017,0.3578
"Stock18",1972,0.5097,0.1618
"Stock18",1973,0.8667,0.1618
"Stock18",1974,1.1094,0.133
"Stock18",1975,0.9243,0.0962
"Stock18",1976,0.5306,0.0324
"Stock18",1977,0.6196,0.0463
"Stock18",1978,1.1691,0.0849
"Stock18",1979,0.7128,0.5369
"Stock18",1980,0.6965,0.1027
"Stock18",1981,0.6278,0.1802
"Stock18",1982,0.6806,1.1376
"Stock18",1983,0.7378,0.1919
"Stock18",1984,0.4743,0.3342
"Stock18",1985,0.7418,0.0713
"Stock18",1986,1.4389,0.3194
"Stock18",1987,0.9137,0.3688
"Stock18",1988,0.5418,0.0633
"Stock18",1989,0.4035,0.1023
"Stock18",1990,0.1665,0.1065
"Stock18",1991,0.3601,0.2145
"Stock18",1992,0.1148,0.2954
"Stock18",1993,0.4201,0.1836
"Stock18",1994,0.1389,0.4117
"Stock18",1995,0.1965,0.2797
"Stock18",1996,0.167,0.2666
"Stock18",1997,0.0411,0.0141
"Stock18",1998,0.1047,0.208
"Stock18",1999,0.0595,0.0072
"Stock18",2000,0.2084,0.1859
"Stock18",2001,0.063,0.025
"Stock18",2002,0.084,0.1226
"Stock18",2003,0.1817,0.0717
"Stock18",2004,0,0.0844
"Stock18",2005,0,0.0206
"Stock18",2006,0,0.0195
"Stock18",2007,0.0093,0.0016
"Stock18",2008,0,0
"Stock18",2009,0.0195,0.1471
"Stock18",2010,0.0278,0.0092
"Stock18",2011,5e-04,0.0271
"Stock18",2012,0.1067,0.0208
"Stock18",2013,0.006,0.013
"Stock18",2014,0.0248,0.0027
"Stock18",2015,0.0237,0.0085
"Stock18",2016,0.0313,0.0371
"Stock18",2017,0.071,0.0157
"Stock18",2018,0.0187,0.0055
"Stock18",2019,0.0077,0.0489
"Stock19",1969,0.0388,0.1308
"Stock19",1970,1.3619,0.8961
"Stock19",1971,1.9473,0.058
"Stock19",1972,0.957,0.0425
"Stock19",1973,13.4372,0.1496
"Stock19",1974,1.3202,0.0506
"Stock19",1975,0.2942,0.0967
"Stock19",1976,0.5065,0.0143
"Stock19",1977,0.1747,0.0335
"Stock19",1978,0.6852,0.0433
"Stock19",1979,0.1863,0.1391
"Stock19",1980,0.4244,0.0671
"Stock19",1981,5.1867,0.0752
"Stock19",1982,0.5536,0.0214
"Stock19",1983,0.0891,0.3733
"Stock19",1984,1.6908,0.0576
"Stock19",1985,1.4464,0.1069
"Stock19",1986,0.819,0.9053
"Stock19",1987,4.9321,0.0488
"Stock19",1988,2.7992,0.0366
"Stock19",1989,0.756,0.0519
"Stock19",1990,1.0477,0.0409
"Stock19",1991,3.8041,0.0287
"Stock19",1992,3.2271,0.4765
"Stock19",1993,3.8398,0.3276
"Stock19",1994,4.1011,0.1728
"Stock19",1995,3.4619,0.0773
"Stock19",1996,7.7932,0.2411
"Stock19",1997,1.7252,1.4017
"Stock19",1998,2.2971,2.263
"Stock19",1999,4.8847,0.4431
"Stock19",2000,4.8225,0.3023
"Stock19",2001,10.6648,0.2681
"Stock19",2002,5.1824,0.6145
"Stock19",2003,7.5097,0.0432
"Stock19",2004,5.4814,1.8732
"Stock19",2005,2.8973,0.178
"Stock19",2006,6.8853,0.6898
"Stock19",2007,3.8535,0.0068
"Stock19",2008,7.881,0.0892
"Stock19",2009,8.6255,0.2422
"Stock19",2010,3.8273,0.2896
"Stock19",2011,5.5198,0.4373
"Stock19",2012,3.3977,0.7655
"Stock19",2013,3.0054,1.3591
"Stock19",2014,0.6007,0.1097
"Stock19",2015,13.7944,0.9527
"Stock19",2016,2.7277,1.6562
"Stock19",2017,7.4493,3.0768
"Stock19",2018,2.4899,7.7797
"Stock19",2019,3.7251,0.393
"Stock19",1968,3.4324,NA
"Stock20",1969,0.0436,0.1463
"Stock20",1970,1.5277,1.0304
"Stock20",1971,2.1906,0.063
"Stock20",1972,1.0706,0.0494
"Stock20",1973,15.069,0.1357
"Stock20",1974,1.4861,0.0469
"Stock20",1975,0.3034,0.1042
"Stock20",1976,0.5703,0.0125
"Stock20",1977,0.1809,0.0361
"Stock20",1978,0.7693,0.0453
"Stock20",1979,0.1977,0.1498
"Stock20",1980,0.4503,0.0681
"Stock20",1981,5.504,0.0806
"Stock20",1982,0.5869,0.0196
"Stock20",1983,0.0945,0.4029
"Stock20",1984,1.794,0.0553
"Stock20",1985,1.5336,0.0762
"Stock20",1986,0.8681,0.9771
"Stock20",1987,5.1037,0.028
"Stock20",1988,2.8137,0.0345
"Stock20",1989,0.7497,0.0516
"Stock20",1990,1.0532,0.0404
"Stock20",1991,3.8238,0.0235
"Stock20",1992,3.2271,0.4818
"Stock20",1993,3.8597,0.2777
"Stock20",1994,4.1224,0.1754
"Stock20",1995,3.4798,0.0736
"Stock20",1996,7.8336,0.1969
"Stock20",1997,1.7341,1.4228
"Stock20",1998,2.309,2.2972
"Stock20",1999,4.8847,0.3492
"Stock20",2000,4.8475,0.2993
"Stock20",2001,10.7201,0.271
"Stock20",2002,5.2092,0.6174
"Stock20",2003,7.5485,0.0384
"Stock20",2004,5.5098,0.5125
"Stock20",2005,2.9123,0.1807
"Stock20",2006,6.921,0.015
"Stock20",2007,3.8734,0.0045
"Stock20",2008,7.9219,0.0676
"Stock20",2009,10.5521,0.2138
"Stock20",2010,4.6784,0.2085
"Stock20",2011,6.7496,0.3514
"Stock20",2012,3.9163,0.4196
"Stock20",2013,2.9269,1.0927
"Stock20",2014,0.7073,0.0838
"Stock20",2015,16.8754,0.5167
"Stock20",2016,3.2434,1.1485
"Stock20",2017,9.1034,1.3687
"Stock20",2018,2.9208,1.8075
"Stock20",2019,4.5422,0.102
"Stock20",1968,3.8541,NA
"Stock21",1964,NA,0.3941
"Stock21",1965,NA,0.2778
"Stock21",1966,NA,0.2991
"Stock21",1967,NA,0.7888
"Stock21",1968,0.1786,0.8684
"Stock21",1969,0.0649,0.4473
"Stock21",1970,0.189,0.9138
"Stock21",1971,0.1949,0.3125
"Stock21",1972,0.2702,0.2825
"Stock21",1973,0.6866,0.9355
"Stock21",1974,0.8461,2.5033
"Stock21",1975,0.9323,1.3345
"Stock21",1976,7.092,0.6291
"Stock21",1977,1.7668,1.9102
"Stock21",1978,1.509,2.033
"Stock21",1979,0.4084,1.5052
"Stock21",1980,0.4453,0.9454
"Stock21",1981,0.4357,0.8666
"Stock21",1982,0.4128,1.0222
"Stock21",1983,1.1769,0.8083
"Stock21",1984,0.7482,0.94
"Stock21",1985,0.6112,3.3127
"Stock21",1986,0.2464,0.8229
"Stock21",1987,1.1611,1.1434
"Stock21",1988,0.5867,0.6261
"Stock21",1989,1.1318,0.6772
"Stock21",1990,0.424,0.3226
"Stock21",1991,0.4006,0.9252
"Stock21",1992,0.2202,0.1827
"Stock21",1993,0.305,0.3723
"Stock21",1994,0.5483,0.4645
"Stock21",1995,0.2521,0.2617
"Stock21",1996,0.1939,0.7895
"Stock21",1997,0.2448,0.51
"Stock21",1998,0.0852,0.4246
"Stock21",1999,0.2202,1.5902
"Stock21",2000,0.5801,0.7318
"Stock21",2001,0.3332,0.71
"Stock21",2002,0.1991,0.8936
"Stock21",2003,0.3507,0.8577
"Stock21",2004,0.1799,0.7417
"Stock21",2005,0.2165,0.6714
"Stock21",2006,0.1973,0.6772
"Stock21",2007,0.2904,0.653
"Stock21",2008,0.1504,0.2423
"Stock21",2009,0.1446,0.4474
"Stock21",2010,0.3333,0.635
"Stock21",2011,0.2323,0.3188
"Stock21",2012,0.1673,0.3451
"Stock21",2013,0.1685,0.3638
"Stock21",2014,0.0812,0.8447
"Stock21",2015,0.1459,0.3965
"Stock21",2016,0.064,0.3666
"Stock21",2017,0.2088,0.3161
"Stock21",2018,0.0496,0.1786
"Stock21",2019,0.0952,0.2486
"Stock22",1964,NA,3.4605
"Stock22",1965,NA,2.0943
"Stock22",1966,NA,2.2862
"Stock22",1967,NA,4.6133
"Stock22",1968,3.2656,1.994
"Stock22",1969,2.5937,3.5223
"Stock22",1970,4.5029,4.211
"Stock22",1971,2.0444,3.6782
"Stock22",1972,4.0051,2.9638
"Stock22",1973,6.2116,2.4177
"Stock22",1974,3.6219,2.0541
"Stock22",1975,2.7479,1.582
"Stock22",1976,3.7005,1.0303
"Stock22",1977,1.9617,0.9361
"Stock22",1978,2.5615,3.3825
"Stock22",1979,1.7888,2.9371
"Stock22",1980,3.8936,1.623
"Stock22",1981,4.0493,2.0358
"Stock22",1982,1.8666,2.1933
"Stock22",1983,2.7377,0.8343
"Stock22",1984,1.6629,2.116
"Stock22",1985,2.7522,2.335
"Stock22",1986,1.348,1.5934
"Stock22",1987,0.6506,1.0857
"Stock22",1988,0.8456,0.3732
"Stock22",1989,0.7437,0.5701
"Stock22",1990,0.2364,0.3754
"Stock22",1991,0.5741,0.4004
"Stock22",1992,0.482,0.5365
"Stock22",1993,0.3595,0.2384
"Stock22",1994,0.5314,0.5394
"Stock22",1995,0.4667,0.4209
"Stock22",1996,0.2771,0.6243
"Stock22",1997,0.4332,1.0203
"Stock22",1998,0.7651,0.7679
"Stock22",1999,0.482,0.4697
"Stock22",2000,0.5191,0.8776
"Stock22",2001,0.7508,1.1104
"Stock22",2002,1.6112,1.7129
"Stock22",2003,1.2995,1.0587
"Stock22",2004,1.0756,0.7936
"Stock22",2005,0.8907,1.0323
"Stock22",2006,0.7249,0.4005
"Stock22",2007,0.5814,0.4597
"Stock22",2008,1.4006,0.5699
"Stock22",2009,0.5273,0.64
"Stock22",2010,0.5413,0.4781
"Stock22",2011,0.5668,0.3564
"Stock22",2012,0.3768,0.6699
"Stock22",2013,0.2175,0.4433
"Stock22",2014,0.4881,0.3512
"Stock22",2015,0.4732,0.514
"Stock22",2016,0.3801,0.5263
"Stock22",2017,0.568,0.6271
"Stock22",2018,0.7465,1.2601
"Stock22",2019,0.6371,0.7944
"Stock23",1964,NA,5.6698
"Stock23",1965,NA,2.8037
"Stock23",1966,NA,3.7642
"Stock23",1967,NA,4.9404
"Stock23",1968,3.3514,2.692
"Stock23",1969,2.588,2.9084
"Stock23",1970,1.81,2.2127
"Stock23",1971,1.3067,2.0363
"Stock23",1972,1.3544,1.9741
"Stock23",1973,1.8894,1.6185
"Stock23",1974,1.9535,1.9434
"Stock23",1975,1.7409,1.429
"Stock23",1976,3.3678,2.4455
"Stock23",1977,5.1263,2.9928
"Stock23",1978,3.8199,3.5207
"Stock23",1979,3.471,4.6637
"Stock23",1980,4.7823,4.0005
"Stock23",1981,5.8774,5.1224
"Stock23",1982,3.7969,5.6167
"Stock23",1983,4.5984,2.4861
"Stock23",1984,1.4206,3.4503
"Stock23",1985,1.8781,2.0227
"Stock23",1986,0.9206,1.9962
"Stock23",1987,0.8075,1.5565
"Stock23",1988,0.8353,1.0936
"Stock23",1989,0.7463,1.4608
"Stock23",1990,0.753,1.1748
"Stock23",1991,1.0478,2.8951
"Stock23",1992,1.3556,1.5549
"Stock23",1993,1.3886,1.7791
"Stock23",1994,0.8545,2.398
"Stock23",1995,1.9385,2.6731
"Stock23",1996,1.6904,2.5805
"Stock23",1997,1.6201,2.2264
"Stock23",1998,1.1117,1.936
"Stock23",1999,1.1975,2.2199
"Stock23",2000,2.3054,2.5743
"Stock23",2001,2.1875,2.7978
"Stock23",2002,1.7553,2.6326
"Stock23",2003,0.8688,2.2429
"Stock23",2004,1.3513,2.267
"Stock23",2005,0.8278,0.967
"Stock23",2006,0.9895,0.9897
"Stock23",2007,1.2848,1.7082
"Stock23",2008,1.4807,1.439
"Stock23",2009,1.0469,2.1075
"Stock23",2010,1.1677,1.4597
"Stock23",2011,0.9626,1.5375
"Stock23",2012,1.0417,2.2744
"Stock23",2013,0.7803,1.5477
"Stock23",2014,1.7042,1.551
"Stock23",2015,1.3442,2.1345
"Stock23",2016,2.3335,3.6303
"Stock23",2017,2.058,4.0615
"Stock23",2018,1.9352,2.4471
"Stock23",2019,0.9279,2.5967
"Stock24",1964,NA,3.0167
"Stock24",1965,NA,2.7709
"Stock24",1966,NA,3.0255
"Stock24",1967,NA,5.2628
"Stock24",1968,2.9996,2.1145
"Stock24",1969,4.0186,1.8329
"Stock24",1970,2.1986,2.5387
"Stock24",1971,2.0525,7.7291
"Stock24",1972,4.9004,1.3226
"Stock24",1973,1.7381,1.5555
"Stock24",1974,3.1705,2.3029
"Stock24",1975,0.7512,1.5516
"Stock24",1976,1.572,2.0924
"Stock24",1977,1.1879,3.6251
"Stock24",1978,2.5167,3.9752
"Stock24",1979,1.0918,3.4747
"Stock24",1980,1.4543,4.0809
"Stock24",1981,2.003,2.3205
"Stock24",1982,1.5725,4.4087
"Stock24",1983,6.9333,3.3199
"Stock24",1984,5.2237,2.8852
"Stock24",1985,2.4417,3.2792
"Stock24",1986,1.2593,1.1837
"Stock24",1987,1.1605,2.0007
"Stock24",1988,1.5124,1.0327
"Stock24",1989,0.7275,1.292
"Stock24",1990,1.4798,0.9644
"Stock24",1991,1.2101,0.3359
"Stock24",1992,0.8303,0.2404
"Stock24",1993,0.5768,0.3755
"Stock24",1994,0.565,0.7751
"Stock24",1995,1.3781,0.558
"Stock24",1996,1.3802,1.6234
"Stock24",1997,1.0935,1.6759
"Stock24",1998,0.7133,1.5536
"Stock24",1999,3.2125,3.3959
"Stock24",2000,3.5454,2.4732
"Stock24",2001,1.1551,4.817
"Stock24",2002,4.8197,4.8476
"Stock24",2003,1.299,5.6043
"Stock24",2004,0.5084,2.958
"Stock24",2005,0.8,4.0647
"Stock24",2006,0.4943,2.1092
"Stock24",2007,0.6832,1.4197
"Stock24",2008,5.4215,1.9988
"Stock24",2009,1.3584,2.7032
"Stock24",2010,1.3594,5.1943
"Stock24",2011,1.1536,1.826
"Stock24",2012,2.0149,4.6339
"Stock24",2013,2.5466,4.4341
"Stock24",2014,3.4512,1.8973
"Stock24",2015,0.5024,0.6981
"Stock24",2016,0.8322,4.0041
"Stock24",2017,1.8214,1.1494
"Stock24",2018,0.2837,0.4742
"Stock24",2019,0.4096,0.8469
"Stock25",1964,NA,0.9095
"Stock25",1965,NA,0.1389
"Stock25",1966,NA,4.0969
"Stock25",1967,NA,0.2672
"Stock25",1968,2.0291,0.1231
"Stock25",1969,1.056,0.6666
"Stock25",1970,1.9478,1.1497
"Stock25",1971,1.026,1.296
"Stock25",1972,2.2867,0.5147
"Stock25",1973,0.3498,1.2573
"Stock25",1974,0.4883,0.6208
"Stock25",1975,0.046,2.3527
"Stock25",1976,0.7114,0.1256
"Stock25",1977,0.8355,0.9523
"Stock25",1978,0.2441,2.7264
"Stock25",1979,1.7304,0.8308
"Stock25",1980,2.3911,2.6021
"Stock25",1981,2.1215,6.5531
"Stock25",1982,3.0218,3.0287
"Stock25",1983,5.6527,1.9239
"Stock25",1984,1.979,3.5188
"Stock25",1985,1.4179,3.1062
"Stock25",1986,0.998,2.3237
"Stock25",1987,1.5026,0.938
"Stock25",1988,1.6499,0.4878
"Stock25",1989,1.3159,1.0305
"Stock25",1990,2.2515,2.013
"Stock25",1991,1.4364,1.1773
"Stock25",1992,1.1631,1.4668
"Stock25",1993,0.3536,3.0958
"Stock25",1994,0.8933,1.8592
"Stock25",1995,3.1504,1.3193
"Stock25",1996,0.7321,1.446
"Stock25",1997,0.6669,3.1172
"Stock25",1998,0.5285,2.9495
"Stock25",1999,1.9816,0.9875
"Stock25",2000,2.8852,3.2691
"Stock25",2001,1.6629,5.0652
"Stock25",2002,3.6924,3.1334
"Stock25",2003,2.5436,4.0028
"Stock25",2004,1.103,4.3147
"Stock25",2005,2.0558,0.8669
"Stock25",2006,1.211,2.3137
"Stock25",2007,0.7165,2.3457
"Stock25",2008,2.1774,1.8195
"Stock25",2009,1.6823,4.6921
"Stock25",2010,1.1804,3.1622
"Stock25",2011,0.767,3.3136
"Stock25",2012,1.6677,2.6116
"Stock25",2013,1.1913,1.8451
"Stock25",2014,1.6903,1.2871
"Stock25",2015,1.4081,2.0074
"Stock25",2016,2.265,2.0013
"Stock25",2017,1.3904,1.9575
"Stock25",2018,1.7907,1.2549
"Stock25",2019,0.9907,1.6305
"Stock26",1964,NA,5.8576
"Stock26",1965,NA,2.2236
"Stock26",1966,NA,1.9441
"Stock26",1967,NA,2.0002
"Stock26",1968,0.1208,0.5062
"Stock26",1969,0.1156,0.485
"Stock26",1970,1.4484,1.5863
"Stock26",1971,0.5016,0.6093
"Stock26",1972,0.9445,0.6652
"Stock26",1973,0.3393,5.168
"Stock26",1974,0.7413,1.0847
"Stock26",1975,0.3331,0.2347
"Stock26",1976,0.9248,0.7443
"Stock26",1977,0.4188,2.2635
"Stock26",1978,0.1548,8.1886
"Stock26",1979,0.5322,2.2268
"Stock26",1980,1.5287,3.0186
"Stock26",1981,1.5514,7.2269
"Stock26",1982,3.0816,2.381
"Stock26",1983,2.854,2.6825
"Stock26",1984,1.0693,0.3333
"Stock26",1985,0.626,1.8143
"Stock26",1986,0.4807,1.5752
"Stock26",1987,2.5273,0.9071
"Stock26",1988,1.0769,0.5433
"Stock26",1989,0.7333,1.1449
"Stock26",1990,1.6926,1.8714
"Stock26",1991,1.5436,1.993
"Stock26",1992,0.7762,1.0482
"Stock26",1993,0.5137,2.0001
"Stock26",1994,1.0612,0.9581
"Stock26",1995,2.0792,2.8211
"Stock26",1996,1.1491,0.7828
"Stock26",1997,1.2382,2.7406
"Stock26",1998,1.1795,2.3371
"Stock26",1999,1.6196,1.7
"Stock26",2000,9.8699,6.2648
"Stock26",2001,2.3318,3.5624
"Stock26",2002,3.8336,1.9401
"Stock26",2003,1.9763,0.726
"Stock26",2004,1.0907,3.444
"Stock26",2005,1.471,0.504
"Stock26",2006,1.3197,0.6423
"Stock26",2007,3.5723,0.824
"Stock26",2008,3.0752,3.5506
"Stock26",2009,3.8856,4.9063
"Stock26",2010,4.7917,5.9561
"Stock26",2011,2.766,5.3857
"Stock26",2012,4.9608,2.8982
"Stock26",2013,4.776,3.5453
"Stock26",2014,3.8924,4.798
"Stock26",2015,2.932,2.9533
"Stock26",2016,4.0488,1.8892
"Stock26",2017,2.8003,2.4679
"Stock26",2018,1.9859,4.4065
"Stock26",2019,3.9037,2.5464
"Stock27",1964,NA,12.7883
"Stock27",1965,NA,13.5667
"Stock27",1966,NA,9.1196
"Stock27",1967,NA,3.9281
"Stock27",1968,2.791,7.67
"Stock27",1969,11.1703,10.536
"Stock27",1970,5.1456,9.8071
"Stock27",1971,4.6188,4.9789
"Stock27",1972,6.4553,6.3647
"Stock27",1973,2.9385,6.3279
"Stock27",1974,2.7195,6.4897
"Stock27",1975,1.6756,3.6685
"Stock27",1976,2.2726,2.3257
"Stock27",1977,0.9991,1.5076
"Stock27",1978,0.7416,2.7807
"Stock27",1979,1.2711,2.3431
"Stock27",1980,4.456,1.4943
"Stock27",1981,1.9604,6.6065
"Stock27",1982,2.4997,2.5758
"Stock27",1983,2.6418,2.27
"Stock27",1984,1.6459,2.1311
"Stock27",1985,0.988,0.5932
"Stock27",1986,0.8474,0.7092
"Stock27",1987,0.3289,0.8196
"Stock27",1988,0.5657,0.5088
"Stock27",1989,0.7291,0.1705
"Stock27",1990,0.6988,0.9768
"Stock27",1991,0.631,0.7245
"Stock27",1992,1.5661,0.7298
"Stock27",1993,0.4821,0.5761
"Stock27",1994,0.6604,0.5455
"Stock27",1995,2.5794,0.897
"Stock27",1996,2.853,0.3541
"Stock27",1997,4.3586,1.3029
"Stock27",1998,2.3241,3.7808
"Stock27",1999,9.3068,4.3474
"Stock27",2000,6.6956,7.9725
"Stock27",2001,5.0058,5.8376
"Stock27",2002,9.5626,11.5528
"Stock27",2003,6.7216,3.7542
"Stock27",2004,1.8908,4.0378
"Stock27",2005,3.4073,5.1167
"Stock27",2006,2.4204,2.4629
"Stock27",2007,4.7014,4.5212
"Stock27",2008,3.247,8.151
"Stock27",2009,4.8561,7.1093
"Stock27",2010,5.9441,6.7436
"Stock27",2011,2.561,2.2471
"Stock27",2012,3.9951,2.4517
"Stock27",2013,1.1037,2.5199
"Stock27",2014,0.7404,0.8746
"Stock27",2015,0.5067,1.0243
"Stock27",2016,0.3122,0.4693
"Stock27",2017,0.2438,0.4387
"Stock27",2018,0.0123,0.1957
"Stock27",2019,0.3229,0.4884
"Stock28",1964,NA,0.0848
"Stock28",1965,NA,0.0669
"Stock28",1966,NA,0.0316
"Stock28",1967,NA,0.0036
"Stock28",1968,0.1294,0.0086
"Stock28",1969,0.2363,0.2335
"Stock28",1970,0.1054,0.4943
"Stock28",1971,0.0329,0
"Stock28",1972,0.0055,0.1393
"Stock28",1973,0.1129,0.0182
"Stock28",1974,0.1116,0.1314
"Stock28",1975,0,0.0141
"Stock28",1976,0.6439,0.0951
"Stock28",1977,0.1418,0.3775
"Stock28",1978,0.1628,0.0588
"Stock28",1979,0.3565,0.2943
"Stock28",1980,0.5625,0.04
"Stock28",1981,0.0659,0.0095
"Stock28",1982,0.0817,0.3214
"Stock28",1983,0.6108,0.115
"Stock28",1984,0.0224,0
"Stock28",1985,0.063,0.1237
"Stock28",1986,0,0.1064
"Stock28",1987,0.2873,0.3129
"Stock28",1988,0.0231,0.0328
"Stock28",1989,0,0.0043
"Stock28",1990,0.0638,0.0665
"Stock28",1991,0.0618,0.0596
"Stock28",1992,0.0368,0.2434
"Stock28",1993,0.0058,0.2007
"Stock28",1994,0.0172,0.0462
"Stock28",1995,0.0051,0
"Stock28",1996,0.0126,0.0661
"Stock28",1997,0.0626,0.0532
"Stock28",1998,0.0173,0.1735
"Stock28",1999,0.2394,0.103
"Stock28",2000,0,0.0147
"Stock28",2001,0.1626,0.0209
"Stock28",2002,0.128,0.2474
"Stock28",2003,0.0525,0.0041
"Stock28",2004,0.1676,0.049
"Stock28",2005,0.0251,0.1119
"Stock28",2006,0.383,0.1105
"Stock28",2007,0.1946,0.0312
"Stock28",2008,0.1005,0.0774
"Stock28",2009,0.0141,0.0701
"Stock28",2010,0.0625,0.0633
"Stock28",2011,0.0291,0.098
"Stock28",2012,0.3418,0.0638
"Stock28",2013,0.0819,0.1241
"Stock28",2014,0.0693,0.0331
"Stock28",2015,0.169,0.1821
"Stock28",2016,0.2499,0.3011
"Stock28",2017,0.0381,0.0598
"Stock28",2018,0.2649,0.0506
"Stock28",2019,0.3565,0
